seqid,log_likelihood
mut_1,-1.6879894733428955
mut_2,-1.6859149932861328
mut_3,-1.7093505859375
mut_4,-1.6523401737213135
