seqid,log_likelihood
mut_1,-1.611882209777832
mut_2,-1.615426778793335
mut_3,-1.614095687866211
mut_4,-1.6152666807174683
