seqid,log_likelihood
mut_1,-1.6618928909301758
mut_2,-1.6588177680969238
mut_3,-1.657234787940979
mut_4,-1.6637364625930786
