seqid,log_likelihood
mut_1,-1.65549898147583
mut_2,-1.663755178451538
mut_3,-1.654822826385498
mut_4,-1.6819238662719727
